"Reference","Value","Datasheet","Footprint","Qty","DNP","Manufacturer_Name","Mouser Part Number","Mouser Price/Stock"
"ANT1","ANT1204F005R0915A","https://eu.mouser.com/datasheet/2/447/datasheet_pulse_915mhz_1204_chip_antenna_type05_an-2903025.pdf","ANT1204F005R0915A","1","","Pulse Electronics","603-ANT1204F005R0915","https://www.mouser.co.uk/ProductDetail/PulseLarsen-Antennas/ANT1204F005R0915A?qs=gt1LBUVyoHnk%2Fihas5MohQ%3D%3D"
"C1","1u","~","Capacitor_SMD:C_0603_1608Metric","1","","","603-CC603KRX5R6BB105",""
"C2","100n","~","Capacitor_SMD:C_0603_1608Metric","1","","","603-CC603KRX7R6BB104",""
"C3","4.7u","~","Capacitor_SMD:C_0603_1608Metric","1","","","603-CC603ZRY5V6BB475",""
"C4","10u","~","Capacitor_SMD:C_0603_1608Metric","1","","","603-CC603MRX6S6BB106",""
"C5","100n","~","Capacitor_SMD:C_0603_1608Metric","1","","","603-CC603KRX7R6BB104",""
"C6","4.7u","~","Capacitor_SMD:C_0603_1608Metric","1","","","603-CC603ZRY5V6BB475",""
"C7","100n","~","Capacitor_SMD:C_0603_1608Metric","1","","","603-CC603KRX7R6BB104",""
"C8","100n","~","Capacitor_SMD:C_0603_1608Metric","1","","","603-CC603KRX7R6BB104",""
"C9","4.7u","~","Capacitor_SMD:C_0603_1608Metric","1","","","603-CC603ZRY5V6BB475",""
"C10","4.7u","~","Capacitor_SMD:C_0603_1608Metric","1","","","603-CC603ZRY5V6BB475",""
"C11","10u","~","Capacitor_SMD:C_0603_1608Metric","1","","","603-CC603MRX6S6BB106",""
"C12","10u","~","Capacitor_SMD:C_0603_1608Metric","1","","","603-CC603MRX6S6BB106",""
"C13","10u","~","Capacitor_SMD:C_0603_1608Metric","1","","","603-CC603MRX6S6BB106",""
"C14","1u","~","Capacitor_SMD:C_0603_1608Metric","1","","","603-CC603KRX5R6BB105",""
"C15","0.1u","~","Capacitor_SMD:C_0603_1608Metric","1","","","603-CC603KRX7R6BB104",""
"C16","10u","~","Capacitor_SMD:C_0603_1608Metric","1","","","603-CC603MRX6S6BB106",""
"C17","0.1u","~","Capacitor_SMD:C_0603_1608Metric","1","","","603-CC603KRX7R6BB104",""
"C18","0.1u","~","Capacitor_SMD:C_0603_1608Metric","1","","","603-CC603KRX7R6BB104",""
"D1","PRTR5V0U2X,215","https://assets.nexperia.com/documents/data-sheet/PRTR5V0U2X.pdf","PRTR5V0U2X","1","","Nexperia","771-PRTR5V0U2X-T/R","https://www.mouser.co.uk/ProductDetail/Nexperia/PRTR5V0U2X215?qs=LOCUfHb8d9sDkgY4cRj8Lw%3D%3D"
"FB1","BLM18PG471SN1D","http://www.murata.com/~/media/webrenewal/support/library/catalog/products/emc/emifil/c31e.ashx?la=en-gb","BLM18SP221SN1B","1","","Murata Electronics","81-BLM18PG471SN1D","https://www.mouser.co.uk/ProductDetail/Murata-Electronics/BLM18PG471SN1D?qs=EYzdjubb4S%2FN1Ip39GrHyg%3D%3D"
"FB2","BLM18PG471SN1D","http://www.murata.com/~/media/webrenewal/support/library/catalog/products/emc/emifil/c31e.ashx?la=en-gb","BLM18SP221SN1B","1","","Murata Electronics","81-BLM18PG471SN1D","https://www.mouser.co.uk/ProductDetail/Murata-Electronics/BLM18PG471SN1D?qs=EYzdjubb4S%2FN1Ip39GrHyg%3D%3D"
"H1","~","","Library:power_holes","1","DNP","","",""
"H2","~","","SamacSys_Parts:MountingHole_3.2mm_M3","1","DNP","","",""
"H3","~","","SamacSys_Parts:MountingHole_3.2mm_M3","1","DNP","","",""
"H4","~","","SamacSys_Parts:MountingHole_3.2mm_M3","1","DNP","","",""
"H5","~","","SamacSys_Parts:MountingHole_3.2mm_M3","1","DNP","","",""
"IC1","R7FA4M1AB3CFM#AA0","https://www.renesas.com/document/dst/renesas-ra4m1-group-datasheet?language=en&r=1054146","QFP50P1200X1200X170-64N","1","","Renesas Electronics","968-7FA4M1AB3CFM#AA0","https://www.mouser.co.uk/ProductDetail/Renesas-Electronics/R7FA4M1AB3CFMAA0?qs=d0WKAl%252BL4KbrKuAsyurXHw%3D%3D"
"IC2","BP35C5","https://fscdn.rohm.com/en/products/databook/datasheet/module/power_module/specified_low_power/bp35c5-e.pdf","BP35C5","1","","ROHM Semiconductor","755-BP35C5",""
"IC3","BP5293-50","https://componentsearchengine.com/Datasheets/2/MC7805BDTRKG.pdf","SamacSys_Parts:BP5293-50","1","DNP","","","https://www.mouser.co.uk/ProductDetail/onsemi/MC7805BDTRKG?qs=%252B9%2Fcbd0IE0RVSCV5SBH6%2FA%3D%3D"
"IC4","XCL103D503CR-G","https://www.torexsemi.com/file/xcl102/XCL102-103.pdf","XCL103D503CRG","1","","Torex","865-XCL103D503CR-G","https://www.mouser.co.uk/ProductDetail/Torex-Semiconductor/XCL103D503CR-G?qs=gt1LBUVyoHmrRO29mARr4A%3D%3D"
"IC5","TPS2115APW","http://www.ti.com/lit/ds/symlink/tps2115a.pdf","SOP65P640X120-8N","1","","Texas Instruments","595-TPS2115APW","https://www.mouser.co.uk/ProductDetail/Texas-Instruments/TPS2115APW?qs=ojKcPFmCWSV6g5xXyJEDWQ%3D%3D"
"IC6","TPS2115APW","http://www.ti.com/lit/ds/symlink/tps2115a.pdf","SOP65P640X120-8N","1","","Texas Instruments","595-TPS2115APW","https://www.mouser.co.uk/ProductDetail/Texas-Instruments/TPS2115APW?qs=ojKcPFmCWSV6g5xXyJEDWQ%3D%3D"
"J1","HPH2-A-10-UA","","HDRV10W45P127_2X5_635X345X400P","1","DNP","Adam Tech","737-HPH2-A-10-UA",""
"J2","61301611821","https://www.we-online.com/catalog/datasheet/61301611821.pdf","SamacSys_Parts:arduino_pins_2","1","DNP","Wurth Elektronik","710-61301611821","https://www.mouser.co.uk/ProductDetail/Wurth-Elektronik/61301611821?qs=xZ%2FP%252Ba9zWqYIxo6RU%252B1Wuw%3D%3D"
"J4","61301611821","https://www.we-online.com/catalog/datasheet/61301611821.pdf","SamacSys_Parts:HDRV16","1","DNP","Wurth Elektronik","710-61301611821","https://www.mouser.co.uk/ProductDetail/Wurth-Elektronik/61301611821?qs=xZ%2FP%252Ba9zWqYIxo6RU%252B1Wuw%3D%3D"
"J5","CX90B2-24P","https://www.hirose.com/en/product/document?clcode=CL0480-0889-0-00&productname=CX90B2-24P&series=CX&documenttype=2DDrawing&lang=en&documentid=CX90B2-24P_4800889000_2D_EN","CX90B224P","1","","Hirose","798-CX90B2-24P",""
"J6","SMA-J-P-H-RA-TH1","https://www.we-online.com/components/products/datasheet/63012202124505.pdf","SamacSys_Parts:CON-SMA-EDGE-S","1","DNP","SAMTEC","710-63012202124505",""
"L1","SML-P11UTT86","https://fscdn.rohm.com/en/products/databook/datasheet/opto/led/chip_mono/smld12en1wt86(c)-e.pdf","SamacSys_Parts:CSL1901MW1","1","","ROHM Semiconductor","755-755-SML-P11UTT86","https://www.mouser.co.uk/ProductDetail/ROHM-Semiconductor/SMLD12EN1WT86C?qs=Z%252BL2brAPG1KJHKBIKSy7wg%3D%3D"
"L2","SML-P11UTT86","https://fscdn.rohm.com/en/products/databook/datasheet/opto/led/chip_mono/smld12en1wt86(c)-e.pdf","SamacSys_Parts:CSL1901MW1","1","","ROHM Semiconductor","755-755-SML-P11UTT86","https://www.mouser.co.uk/ProductDetail/ROHM-Semiconductor/SMLD12EN1WT86C?qs=Z%252BL2brAPG1KJHKBIKSy7wg%3D%3D"
"L3","SML-P11UTT86","https://fscdn.rohm.com/en/products/databook/datasheet/opto/led/chip_mono/smld12en1wt86(c)-e.pdf","SamacSys_Parts:CSL1901YW1","1","","ROHM Semiconductor","755-755-SML-P11UTT86","https://www.mouser.co.uk/ProductDetail/ROHM-Semiconductor/SMLD12EN1WT86C?qs=Z%252BL2brAPG1KJHKBIKSy7wg%3D%3D"
"L4","SML-P11UTT86","https://fscdn.rohm.com/en/products/databook/datasheet/opto/led/chip_mono/smld12en1wt86(c)-e.pdf","SamacSys_Parts:CSL1901UW1","1","","ROHM Semiconductor","755-755-SML-P11UTT86","https://www.mouser.co.uk/ProductDetail/ROHM-Semiconductor/SMLD12EN1WT86C?qs=Z%252BL2brAPG1KJHKBIKSy7wg%3D%3D"
"L5","SML-P11UTT86","https://fscdn.rohm.com/en/products/databook/datasheet/opto/led/chip_mono/smld12en1wt86(c)-e.pdf","SamacSys_Parts:CSL1901MW1","1","","ROHM Semiconductor","755-755-SML-P11UTT86","https://www.mouser.co.uk/ProductDetail/ROHM-Semiconductor/SMLD12EN1WT86C?qs=Z%252BL2brAPG1KJHKBIKSy7wg%3D%3D"
"P1","~","","SamacSys_Parts:arduino_pins1","1","DNP","","",""
"Q1","BSS138","https://www.onsemi.com/pub/Collateral/BSS138-D.PDF","SOT95P240X120-3N","1","","onsemi","512-BSS138","https://www.mouser.co.uk/ProductDetail/onsemi-Fairchild/BSS138?qs=HK%252BeIG1iaahCeqBvjB4arg%3D%3D"
"R1","5.1k","~","Resistor_SMD:R_0603_1608Metric","1","","","667-ERA-3ARB512V",""
"R2","5.1k","~","Resistor_SMD:R_0603_1608Metric","1","DNP","","667-ERA-3ARB512V",""
"R3","5.1k","~","Resistor_SMD:R_0603_1608Metric","1","DNP","","667-ERA-3ARB512V",""
"R4","5.1k","~","Resistor_SMD:R_0603_1608Metric","1","","","667-ERA-3ARB512V",""
"R5","5.1k","~","Resistor_SMD:R_0603_1608Metric","1","","","667-ERA-3ARB512V",""
"R6","100k","~","Resistor_SMD:R_0603_1608Metric","1","","","667-ERA-3AEB104V",""
"R7","13.7k","~","Resistor_SMD:R_0603_1608Metric","1","","","667-ERA-3AEB1372V",""
"R8","5.1k","~","Resistor_SMD:R_0603_1608Metric","1","","","667-ERA-3ARB512V",""
"R9","10k","~","Resistor_SMD:R_0603_1608Metric","1","","","667-ERA-3ARB103V",""
"R10","10k","~","Resistor_SMD:R_0603_1608Metric","1","","","667-ERA-3ARB103V",""
"R11","5.1k","~","Resistor_SMD:R_0603_1608Metric","1","","","667-ERA-3ARB512V",""
"R12","1M","~","Resistor_SMD:R_0603_1608Metric","1","","","667-ERJ-3EKF1004V",""
"R13","5.1k","~","Resistor_SMD:R_0603_1608Metric","1","","","667-ERA-3ARB512V",""
"R14","10k","~","Resistor_SMD:R_0603_1608Metric","1","","","667-ERA-3ARB512V",""
"R15","10k","~","Resistor_SMD:R_0603_1608Metric","1","","","667-ERA-3ARB512V",""
"R16","5.1k","~","Resistor_SMD:R_0603_1608Metric","1","","","667-ERA-3ARB512V",""
"R18","0","~","Resistor_SMD:R_0603_1608Metric","1","","","667-ERJ-3GEY0R00V",""
"R19","5.1k","~","Resistor_SMD:R_0603_1608Metric","1","","","667-ERA-3ARB512V",""
"R20","5.1k","~","Resistor_SMD:R_0603_1608Metric","1","","","667-ERA-3ARB512V",""
"R21","5.1k","~","Resistor_SMD:R_0603_1608Metric","1","","","667-ERA-3ARB512V",""
"R22","5.1k","~","Resistor_SMD:R_0603_1608Metric","1","","","667-ERA-3ARB512V",""
"R23","5.1k","~","Resistor_SMD:R_0603_1608Metric","1","","","667-ERA-3ARB512V",""
"R24","5.1k","~","Resistor_SMD:R_0603_1608Metric","1","","","667-ERA-3ARB512V",""
"R25","5.1k","~","Resistor_SMD:R_0603_1608Metric","1","","","667-ERA-3ARB512V",""
"R26","5.1k","~","Resistor_SMD:R_0603_1608Metric","1","","","667-ERA-3ARB512V",""
"R27","1k","~","Resistor_SMD:R_0603_1608Metric","1","","","667-ERJ-U03J331V",""
"R28","1k","~","Resistor_SMD:R_0603_1608Metric","1","","","667-ERJ-U03J331V",""
"R29","1k","~","Resistor_SMD:R_0603_1608Metric","1","","","667-ERJ-U03J331V",""
"R30","1k","~","Resistor_SMD:R_0603_1608Metric","1","","","667-ERJ-U03J331V",""
"R31","1k","~","Resistor_SMD:R_0603_1608Metric","1","","","667-ERJ-U03J331V",""
"R32","10k","~","Resistor_SMD:R_0603_1608Metric","1","","","667-ERA-3ARB103V",""
"R33","698","~","Resistor_SMD:R_0603_1608Metric","1","","","667-ERA-3AEB6980V",""
"R34","0","~","Resistor_SMD:R_0603_1608Metric","1","","","667-ERJ-3GEY0R00V",""
"R35","0","~","Resistor_SMD:R_0603_1608Metric","1","","","667-ERJ-3GEY0R00V",""
"R36","0","~","Resistor_SMD:R_0603_1608Metric","1","","","667-ERJ-3GEY0R00V",""
"R37","698","~","Resistor_SMD:R_0603_1608Metric","1","","","667-ERA-3AEB6980V",""
"S2","EVP-BB2A9B000","https://industrial.panasonic.com/ac/cdn/e/control/switch/light-touch/catalog/sw_lt_eng_2616s.pdf","SamacSys_Parts:EVPBB2A9B000","1","","Panasonic","667-EVP-BB2A9B000","https://www.mouser.co.uk/ProductDetail/Panasonic/EVP-BB2A9B000?qs=iHX4uCgIbgPa3HqgzZ6vLw%3D%3D"
"U1","2479","http://www.keyelco.com/product-pdf.cfm?p=1041","2479","1","DNP","Keystone Electronics","534-2479","https://www.mouser.co.uk/ProductDetail/Keystone-Electronics/2479?qs=Q3RoVmURDomBPD85HfXZoA%3D%3D"
